<?xml version="1.0" encoding="UTF-8"?>
<project-private xmlns="http://www.netbeans.org/ns/project-private/1">
    <editor-bookmarks xmlns="http://www.netbeans.org/ns/editor-bookmarks/2" lastBookmarkId="0"/>
    <open-files xmlns="http://www.netbeans.org/ns/projectui-open-files/2">
        <group>
            <file>file:/home/omar/NetBeansProjects/sessionproject/src/sessionproject/CitiescsvDAO.java</file>
            <file>file:/home/omar/NetBeansProjects/sessionproject/src/sessionproject/country.java</file>
            <file>file:/home/omar/NetBeansProjects/sessionproject/src/sessionproject/City.java</file>
            <file>file:/home/omar/NetBeansProjects/sessionproject/src/sessionproject/Sessionproject.java</file>
            <file>file:/home/omar/NetBeansProjects/sessionproject/src/sessionproject/CountriescsvDAO.java</file>
        </group>
    </open-files>
</project-private>
